[
{
  "model": "eclipse.stationcontainer",
  "pk": 1,
  "fields": {
    "owner": 1,
    "station": 1
  }
},
{
  "model": "eclipse.stationcontainer",
  "pk": 3,
  "fields": {
    "owner": 1,
    "station": 3
  }
},
{
  "model": "eclipse.government",
  "pk": 1,
  "fields": {
    "homeworld": "Earth",
    "description": "Trumps America"
  }
},
{
  "model": "eclipse.location",
  "pk": 1,
  "fields": {
    "solar_system": "Sol",
    "x": 100.0,
    "y": 100.0,
    "z": 100.0
  }
},
{
  "model": "eclipse.location",
  "pk": 2,
  "fields": {
    "solar_system": "Sol",
    "x": 200.0,
    "y": 200.0,
    "z": 200.0
  }
},
{
  "model": "eclipse.location",
  "pk": 3,
  "fields": {
    "solar_system": "Sol",
    "x": 100.0,
    "y": 100.0,
    "z": 100.0
  }
},
{
  "model": "eclipse.location",
  "pk": 4,
  "fields": {
    "solar_system": "Sol",
    "x": 200.0,
    "y": 200.0,
    "z": 200.0
  }
},
{
  "model": "eclipse.location",
  "pk": 5,
  "fields": {
    "solar_system": "Sol",
    "x": 50.0,
    "y": 50.0,
    "z": 50.0
  }
},
{
  "model": "eclipse.location",
  "pk": 6,
  "fields": {
    "solar_system": "Sol",
    "x": 75.0,
    "y": 75.0,
    "z": 75.0
  }
},
{
  "model": "eclipse.location",
  "pk": 7,
  "fields": {
    "solar_system": "Sol",
    "x": 150.0,
    "y": 150.0,
    "z": 150.0
  }
},
{
  "model": "eclipse.location",
  "pk": 8,
  "fields": {
    "solar_system": "Sol",
    "x": 210.0,
    "y": 210.0,
    "z": 210.0
  }
},
{
  "model": "eclipse.location",
  "pk": 9,
  "fields": {
    "solar_system": "Sol",
    "x": 250.0,
    "y": 250.0,
    "z": 250.0
  }
},
{
  "model": "eclipse.location",
  "pk": 10,
  "fields": {
    "solar_system": "Sol",
    "x": 320.0,
    "y": 320.0,
    "z": 320.0
  }
},
{
  "model": "eclipse.location",
  "pk": 11,
  "fields": {
    "solar_system": "Sol",
    "x": 400.0,
    "y": 400.0,
    "z": 400.0
  }
},
{
  "model": "eclipse.location",
  "pk": 12,
  "fields": {
    "solar_system": "Sol",
    "x": 420.0,
    "y": 420.0,
    "z": 420.0
  }
},
{
  "model": "eclipse.location",
  "pk": 13,
  "fields": {
    "solar_system": "Sol",
    "x": 50.0,
    "y": 50.0,
    "z": 50.0
  }
},
{
  "model": "eclipse.location",
  "pk": 14,
  "fields": {
    "solar_system": "Sol",
    "x": 75.0,
    "y": 75.0,
    "z": 75.0
  }
},
{
  "model": "eclipse.location",
  "pk": 15,
  "fields": {
    "solar_system": "Sol",
    "x": 150.0,
    "y": 150.0,
    "z": 150.0
  }
},
{
  "model": "eclipse.location",
  "pk": 16,
  "fields": {
    "solar_system": "Sol",
    "x": 210.0,
    "y": 210.0,
    "z": 210.0
  }
},
{
  "model": "eclipse.location",
  "pk": 17,
  "fields": {
    "solar_system": "Sol",
    "x": 250.0,
    "y": 250.0,
    "z": 250.0
  }
},
{
  "model": "eclipse.location",
  "pk": 18,
  "fields": {
    "solar_system": "Sol",
    "x": 320.0,
    "y": 320.0,
    "z": 320.0
  }
},
{
  "model": "eclipse.location",
  "pk": 19,
  "fields": {
    "solar_system": "Sol",
    "x": 400.0,
    "y": 400.0,
    "z": 400.0
  }
},
{
  "model": "eclipse.location",
  "pk": 20,
  "fields": {
    "solar_system": "Sol",
    "x": 420.0,
    "y": 420.0,
    "z": 420.0
  }
},
{
  "model": "eclipse.planet",
  "pk": "Ceres",
  "fields": {
    "location": 7,
    "owner": 1
  }
},
{
  "model": "eclipse.planet",
  "pk": "Earth",
  "fields": {
    "location": 1,
    "owner": 1
  }
},
{
  "model": "eclipse.planet",
  "pk": "Jupiter",
  "fields": {
    "location": 8,
    "owner": 1
  }
},
{
  "model": "eclipse.planet",
  "pk": "Mars",
  "fields": {
    "location": 2,
    "owner": 1
  }
},
{
  "model": "eclipse.planet",
  "pk": "Mercury",
  "fields": {
    "location": 5,
    "owner": 1
  }
},
{
  "model": "eclipse.planet",
  "pk": "Neptune",
  "fields": {
    "location": 11,
    "owner": 1
  }
},
{
  "model": "eclipse.planet",
  "pk": "Pluto",
  "fields": {
    "location": 12,
    "owner": 1
  }
},
{
  "model": "eclipse.planet",
  "pk": "Saturn",
  "fields": {
    "location": 9,
    "owner": 1
  }
},
{
  "model": "eclipse.planet",
  "pk": "Uranus",
  "fields": {
    "location": 10,
    "owner": 1
  }
},
{
  "model": "eclipse.planet",
  "pk": "Venus",
  "fields": {
    "location": 6,
    "owner": 1
  }
},
{
  "model": "eclipse.race",
  "pk": "Human",
  "fields": {
    "description": "Total Bros"
  }
},
{
  "model": "eclipse.shipclass",
  "pk": "Lifepod",
  "fields": {
    "ship_type": "Lifepod",
    "race": "Human",
    "description": "Saves Lives - Human",
    "power": 50.0,
    "hull": 50.0,
    "cargosize": 50.0,
    "engine": "ENG:POD-100",
    "weapon_bay": null
  }
},
{
  "model": "eclipse.station",
  "pk": 1,
  "fields": {
    "location": 3,
    "name": "Earth Spacedoc",
    "owner": 1,
    "planet_location": "Earth",
    "station_class": "Planetary"
  }
},
{
  "model": "eclipse.station",
  "pk": 3,
  "fields": {
    "location": 4,
    "name": "Mars Spacedock",
    "owner": 1,
    "planet_location": "Mars",
    "station_class": "Planetary"
  }
},
{
  "model": "eclipse.station",
  "pk": 12,
  "fields": {
    "location": 13,
    "name": "Mercury Station",
    "owner": 1,
    "planet_location": "Mercury",
    "station_class": "Planetary"
  }
},
{
  "model": "eclipse.station",
  "pk": 13,
  "fields": {
    "location": 14,
    "name": "Venus Station",
    "owner": 1,
    "planet_location": "Venus",
    "station_class": "Planetary"
  }
},
{
  "model": "eclipse.station",
  "pk": 14,
  "fields": {
    "location": 15,
    "name": "Ceres Station",
    "owner": 1,
    "planet_location": "Ceres",
    "station_class": "Planetary"
  }
},
{
  "model": "eclipse.station",
  "pk": 15,
  "fields": {
    "location": 16,
    "name": "Jupiter Station",
    "owner": 1,
    "planet_location": "Jupiter",
    "station_class": "Planetary"
  }
},
{
  "model": "eclipse.station",
  "pk": 16,
  "fields": {
    "location": 17,
    "name": "Saturn Station",
    "owner": 1,
    "planet_location": "Saturn",
    "station_class": "Planetary"
  }
},
{
  "model": "eclipse.station",
  "pk": 17,
  "fields": {
    "location": 18,
    "name": "Uranus Station",
    "owner": 1,
    "planet_location": "Uranus",
    "station_class": "Planetary"
  }
},
{
  "model": "eclipse.station",
  "pk": 18,
  "fields": {
    "location": 19,
    "name": "Neptune Station",
    "owner": 1,
    "planet_location": "Neptune",
    "station_class": "Planetary"
  }
},
{
  "model": "eclipse.station",
  "pk": 19,
  "fields": {
    "location": 20,
    "name": "Pluto Station",
    "owner": 1,
    "planet_location": "Pluto",
    "station_class": "Planetary"
  }
},
{
  "model": "eclipse.player",
  "pk": 1,
  "fields": {
    "name": "Earth Government",
    "credits": 0,
    "race": "Human",
    "user": null,
    "npc": null,
    "government": 1,
    "current_ship": null
  }
},
{
  "model": "eclipse.engine",
  "pk": "ENG:POD-100",
  "fields": {
    "name": "Pod Engine",
    "description": "Kinda sputters",
    "power_req": 0.0,
    "size_class": "POD",
    "speed": 50.0,
    "jump_distance": 0.0
  }
},
{
  "model": "eclipse.shiptype",
  "pk": "Lifepod",
  "fields": {
    "description": "Saves Lives",
    "size_class": "POD"
  }
},
{
  "model": "eclipse.sizeclass",
  "pk": "POD",
  "fields": {}
},
{
  "model": "eclipse.solarsystem",
  "pk": "Sol",
  "fields": {}
},
{
  "model": "eclipse.stationclass",
  "pk": "Planetary",
  "fields": {
    "station_type": "Constellation",
    "race": "Human",
    "description": "Largest Human Station",
    "power": 9001.0,
    "hull": 9000.0
  }
},
{
  "model": "eclipse.stationtype",
  "pk": "Constellation",
  "fields": {
    "description": "Largest possible station"
  }
}
]
